{"cameraMode":{"drawMode":0,"name":"Shaded","section":"Shading Mode"},"sceneLighting":true,"audioPlay":false,"sceneViewState":{"showFog":true,"showMaterialUpdate":false,"showSkybox":true,"showFlares":true,"showImageEffects":true,"showParticleSystems":true},"in2DMode":false,"pivot":{"x":7.811662197113037,"y":4.204766273498535,"z":-28.03542137145996},"rotation":{"x":-0.19316087663173676,"y":-0.2776532471179962,"z":0.05709528923034668,"w":-0.9393293857574463},"size":24.399293899536134,"orthographic":false}