{"cameraMode":{"drawMode":0,"name":"Shaded","section":"Shading Mode"},"sceneLighting":false,"audioPlay":false,"sceneViewState":{"showFog":true,"showMaterialUpdate":false,"showSkybox":false,"showFlares":true,"showImageEffects":true,"showParticleSystems":true},"in2DMode":false,"pivot":{"x":0.07315278053283692,"y":1.2056159973144532,"z":0.0},"rotation":{"x":-0.06615667790174484,"y":0.05594431608915329,"z":-0.003715119557455182,"w":-0.9962329268455505},"size":6.920517444610596,"orthographic":false}